{
	"dependencies": [],
	"singleton": false,
	"category": "notifications",
	"author": "Z-Wave.Me",
	"homepage": "http://razberry.z-wave.me",
	"icon": "icon.png",
	"moduleName":"z-wave-me-pushsafer",
	"version": "1.0.3",
	"maturity": "stable",
	"repository": {
		"type": "git",
		"source": "https://github.com/Z-Wave-Me/home-automation"
	},
	"defaults": {
		"title": "__m_title__",
		"description": "__m_descr__",
		"message_title" : "",
		"message" : "",
		"device" : "",
		"private_key_token": "",
		"sound" : "",
		"icon" : "",
		"iconcolor" : "",
		"vibration" : "",
		"url" : "",
		"urltitle" : "",
		"time2live" : ""
	},
	"schema": {
		"type": "object",
		"properties": {
			"message_title": {
				"type": "string",
				"required": false
			},
			"message": {
				"type": "string",
				"required": true
			},
			"device": {
				"type": "string",
				"required": false
			},
			"private_key_token": {
				"required": true,
				"pattern": "[a-zA-Z0-9]{20}"
			},
			"sound": {
				"type": "string",
				"required": false,
				"pattern": "[0-9]{2}"
			},
			"icon": {
				"type": "string",
				"required": false,
				"pattern": "[0-9]{2}"
			},
			"iconcolor": {
				"type": "string",
				"required": false
			},			
			"vibration": {
				"type": "string",
				"required": false,
				"pattern": "[0-9]{1}"
			},
			"url": {
				"type": "string",
				"required": false
			},
			"urltitle": {
				"type": "string",
				"required": false
			},
			"time2live": {
				"type": "string",
				"required": false,
				"pattern": "[0-9]{5}"
			}		
		},
		"required": false
	},
	"options": {
		"fields": {
			"message_title": {
				"label": "__l_message_title__"
			},
			"message": {
				"label": "__l_message__"
			},
			"device": {
				"label": "__l_device__",
				"helper": "__h_device__"
			},
			"private_key_token": {
				"label": "__l_private_key_token__",
				"helper": "__h_private_key_token__"
			},
			"sound": {
				"label": "__l_sound__",
				"helper": "__h_sound__"
			},
			"icon": {
				"label": "__l_icon__",
				"helper": "__h_icon__"
			},
			"iconcolor": {
				"label": "__l_iconcolor__",
				"helper": "__h_iconcolor__"
			},			
			"vibration": {
				"label": "__l_vibration__",
				"helper": "__h_vibration__"
			},
			"url": {
				"label": "__l_url__",
				"helper": "__h_url__"
			},
			"urltitle": {
				"label": "__l_urltitle__",
				"helper": "__h_urltitle__"
			},
			"time2live": {
				"label": "__l_time2live__",
				"helper": "__h_time2live__"
			}
		}
	}
}
